site,year,plot_id,species_id,status,BAF,count,stand_BA
,,,,,,,ft2/ac
lakesdistrict,2019,burton1,abco,live,20,8,160
lakesdistrict,2019,burton1,abma,live,20,1,20
lakesdistrict,2019,burton2,abco,live,40,5,200
lakesdistrict,2019,burton2,abco,dead,40,1,40
lakesdistrict,2019,burton2,abma,live,40,1,40
lakesdistrict,2019,burton2,abma,dead,40,2,80
lakesdistrict,2019,burton3,abco,live,40,7,280
lakesdistrict,2019,burton3,abma,live,40,3,120
lakesdistrict,2019,burton4,pije,live,20,3,60
lakesdistrict,2019,burton4,abco,live,20,4,80
lakesdistrict,2019,burton5,abco,live,40,4,160
lakesdistrict,2019,burton5,pije,live,40,3,120
lakesdistrict,2019,burton6,abco,live,40,7,280
lakesdistrict,2019,burton6,abma,dead,40,1,40
lakesdistrict,2019,burton7,abco,live,20,5,100
lakesdistrict,2019,burton7,abco,dead,20,2,40
lakesdistrict,2019,burton7,abma,live,20,1,20
lakesdistrict,2019,burton7,pije,live,20,1,20
lakesdistrict,2019,burton8,abco,live,20,7,140
lakesdistrict,2019,burton8,abco,dead,20,1,20
lakesdistrict,2019,burton8,abma,live,20,2,40
lakesdistrict,2019,burton9,abco,live,20,4,80
lakesdistrict,2019,burton9,abco,dead,20,3,60
lakesdistrict,2019,burton9,abma,live,20,1,20
lakesdistrict,2019,burton10,abco,live,40,5,200
lakesdistrict,2019,burton10,abco,dead,40,1,40
lakesdistrict,2019,burton11,abco,live,40,3,120
lakesdistrict,2019,burton11,abco,dead,40,2,80
lakesdistrict,2019,burton11,abma,live,40,1,40
lakesdistrict,2019,burton12,cade,live,10,1,10
lakesdistrict,2019,burton12,pico,live,10,1,10
lakesdistrict,2019,burton12,abco,dead,10,3,30
lakesdistrict,2019,burton12,abco,live,10,5,50
lakesdistrict,2019,burton12,pije,live,10,1,10
lakesdistrict,2019,burton13,abco,live,40,4,160
lakesdistrict,2019,burton13,pije,live,40,2,80
lakesdistrict,2019,burton14,abco,live,20,6,120
lakesdistrict,2019,burton14,abco,dead,20,1,20
lakesdistrict,2019,burton14,pila,live,20,3,60
lakesdistrict,2019,burton15,pije,live,5,5,25
lakesdistrict,2019,burton15,abma,live,5,8,40
lakesdistrict,2019,burton15,abma,dead,5,2,10
lakesdistrict,2019,burton15,abco,live,5,9,45
lakesdistrict,2019,burton15,pila,live,5,1,5
lakesdistrict,2019,burton15,abco,live,5,1,5
lakesdistrict,2019,burton16,abco,live,20,5,100
lakesdistrict,2019,burton16,abco,dead,20,1,20
lakesdistrict,2019,burton16,abma,live,20,1,20
lakesdistrict,2019,burton16,pije,live,20,1,20
lakesdistrict,2019,burton17,abco,live,40,5,200
lakesdistrict,2019,burton17,abco,dead,40,3,120
lakesdistrict,2019,burton18,abco,live,40,4,160
lakesdistrict,2019,burton18,abco,dead,40,1,40
lakesdistrict,2019,burton18,pije,live,40,3,120
lakesdistrict,2019,burton19,abco,live,20,5,100
lakesdistrict,2019,burton19,abco,dead,20,1,20
lakesdistrict,2019,burton19,abma,dead,20,1,20
lakesdistrict,2019,burton19,pije,live,20,1,20
lakesdistrict,2019,burton20,abco,live,20,9,180
lakesdistrict,2019,burton20,abco,dead,20,2,40
lakesdistrict,2019,burton20,pije,live,20,1,20
lakesdistrict,2019,burton21,abco,live,40,4,160
lakesdistrict,2019,burton21,abma,dead,40,2,80
lakesdistrict,2019,burton21,pije,live,40,2,80
lakesdistrict,2019,burton22,abco,live,40,6,240
lakesdistrict,2019,burton22,pije,live,40,2,80
lakesdistrict,2019,burton23,abco,live,20,4,80
lakesdistrict,2019,burton23,pico,live,20,1,20
lakesdistrict,2019,burton23,pije,live,20,2,40
lakesdistrict,2019,burton24,pije,live,10,4,40
lakesdistrict,2019,burton24,abco,live,10,1,10
lakesdistrict,2019,burton24,cade,live,10,3,30
lakesdistrict,2019,bliss1,abco,live,40,5,200
lakesdistrict,2019,bliss1,abco,dead,40,6,240
lakesdistrict,2019,bliss2 ,abco,live,20,5,100
lakesdistrict,2019,bliss2 ,abco,dead,20,4,80
lakesdistrict,2019,bliss2 ,cade,live,20,2,40
lakesdistrict,2019,bliss2 ,cade,dead,20,1,20
lakesdistrict,2019,bliss2 ,pije,live,20,1,20
lakesdistrict,2019,bliss3,abco,live,20,7,140
lakesdistrict,2019,bliss3,cade,dead,20,1,20
lakesdistrict,2019,bliss3,pije,live,20,1,20
lakesdistrict,2019,bliss3,abco,dead,20,1,20
lakesdistrict,2019,bliss3,pije,dead,20,1,20
lakesdistrict,2019,bliss4,pila,live,20,3,60
lakesdistrict,2019,bliss4,cade,live,20,1,20
lakesdistrict,2019,bliss4,abco,live,20,2,40
lakesdistrict,2019,bliss4,abco,dead,20,1,20
lakesdistrict,2019,bliss5,pila ,live,20,7,140
lakesdistrict,2019,bliss5,abco,live,20,3,60
lakesdistrict,2019,bliss5,abco,dead,20,2,40
lakesdistrict,2019,bliss6,abco,live,20,1,20
lakesdistrict,2019,bliss6,abco,dead,20,2,40
lakesdistrict,2019,bliss6,cade,dead,20,1,20
lakesdistrict,2019,bliss6,pila,live,20,2,40
lakesdistrict,2019,bliss6,pila,dead,20,1,20
lakesdistrict,2019,bliss7,pila,live,40,3,120
lakesdistrict,2019,bliss7,pije,live,40,3,120
lakesdistrict,2019,bliss7,abco,live,40,2,80
lakesdistrict,2019,bliss7,abco,dead,40,1,40
lakesdistrict,2019,bliss8,abco,live,20,5,100
lakesdistrict,2019,bliss8,abco,dead,20,2,40
lakesdistrict,2019,bliss8,pije,live,20,1,20
lakesdistrict,2019,bliss9,abco,live,20,3,60
lakesdistrict,2019,bliss9,abco,dead,20,1,20
lakesdistrict,2019,bliss9,pila,live,20,2,40
lakesdistrict,2019,bliss9,pila ,dead,20,1,20
lakesdistrict,2019,bliss10,abco,live,40,6,240
lakesdistrict,2019,bliss10,abco,dead,40,1,40
lakesdistrict,2019,bliss10,pila ,live,40,1,40
lakesdistrict,2019,bliss10,pila ,dead,40,1,40
lakesdistrict,2019,bliss11,abco,live,40,5,200
lakesdistrict,2019,bliss11,abco,dead,40,1,40
lakesdistrict,2019,bliss11,pije,live,40,1,40
lakesdistrict,2019,bliss11,pije,dead,40,1,40
lakesdistrict,2019,bliss11,pila,live,40,1,40
lakesdistrict,2019,bliss12,cade,live,40,3,120
lakesdistrict,2019,bliss12,pila,live,40,4,160
lakesdistrict,2019,bliss13,abco,live,20,4,80
lakesdistrict,2019,bliss13,abco,dead,20,1,20
lakesdistrict,2019,bliss13,pila,live,20,2,40
lakesdistrict,2019,bliss13,pila,live,20,1,20
lakesdistrict,2019,bliss13,cade,live,20,1,20
lakesdistrict,2019,bliss14,pije,live,20,3,60
lakesdistrict,2019,bliss14,abco,live,20,4,80
lakesdistrict,2019,bliss14,abco,dead,20,2,40
lakesdistrict,2019,bliss14,pila,live,20,2,40
lakesdistrict,2019,bliss15,abco,live,20,5,100
lakesdistrict,2019,bliss15,pila,live,20,4,80
lakesdistrict,2019,bliss15,pije,live,20,1,20
lakesdistrict,2019,bliss15,abco,dead,20,2,40
